"","Date","Bag.colour","Bag.number","Tag.number","Mass","Mass.unit","Height","Site","Ploidy"
"1","6/12/2023","red",34,"1",10.4,"",47.48,"Manchester","Mated triploid"
"2","6/12/2023","red",34,"2",7.1,"",41.74,"Manchester","Mated triploid"
"3","6/12/2023","red",34,"3",NA,"",NA,"Manchester","Mated triploid"
"4","6/12/2023","red",34,"4",30.1,"",63.99,"Manchester","Mated triploid"
"5","6/12/2023","red",34,"5",14,"",52.62,"Manchester","Mated triploid"
"6","6/12/2023","red",34,"6",15,"",46.6,"Manchester","Mated triploid"
"7","6/12/2023","red",34,"7",11.8,"",44.35,"Manchester","Mated triploid"
"8","6/12/2023","red",34,"8",15.6,"",47.8,"Manchester","Mated triploid"
"9","6/12/2023","red",34,"9",14.9,"",46.98,"Manchester","Mated triploid"
"10","6/12/2023","red",34,"10",10.9,"",44.59,"Manchester","Mated triploid"
"11","6/12/2023","red",34,"11",9.6,"",46.79,"Manchester","Mated triploid"
"12","6/12/2023","red",34,"12",10.5,"",48.02,"Manchester","Mated triploid"
"13","6/12/2023","red",34,"13",NA,"",NA,"Manchester","Mated triploid"
"14","6/12/2023","red",34,"14",20.5,"",53.22,"Manchester","Mated triploid"
"15","6/12/2023","red",34,"15",11.7,"",46.93,"Manchester","Mated triploid"
"16","6/12/2023","red",34,"16",11.3,"",47.55,"Manchester","Mated triploid"
"17","6/12/2023","red",34,"17",12.3,"",49.8,"Manchester","Mated triploid"
"18","6/12/2023","red",34,"18",NA,NA,NA,"Manchester","Mated triploid"
"19","6/12/2023","red",34,"19",NA,"",NA,"Manchester","Mated triploid"
"20","6/12/2023","red",34,"20",13.8,"",51.11,"Manchester","Mated triploid"
"21","6/12/2023","red",34,"21",21.8,"",60.49,"Manchester","Mated triploid"
"22","6/12/2023","red",34,"22",11.5,"",43.89,"Manchester","Mated triploid"
"23","6/12/2023","red",34,"23",29.7,"",65.4,"Manchester","Mated triploid"
"24","6/12/2023","red",34,"24",11.8,"",55.84,"Manchester","Mated triploid"
"25","6/12/2023","red",34,"25",17.8,"",52.35,"Manchester","Mated triploid"
"26","6/12/2023","red",34,"26",10.2,"",44.19,"Manchester","Mated triploid"
"27","6/12/2023","red",34,"27",NA,NA,NA,"Manchester","Mated triploid"
"28","6/12/2023","red",34,"28",26.3,"",64.02,"Manchester","Mated triploid"
"29","6/12/2023","red",34,"29",NA,NA,NA,"Manchester","Mated triploid"
"30","6/12/2023","red",34,"30",23.2,"",63.17,"Manchester","Mated triploid"
"31","6/12/2023","red",34,"31",18,"",56.5,"Manchester","Mated triploid"
"32","6/12/2023","red",34,"32",13.5,"",52.25,"Manchester","Mated triploid"
"33","6/12/2023","red",34,"33",NA,NA,NA,"Manchester","Mated triploid"
"34","6/12/2023","red",34,"34",19.2,"",53.73,"Manchester","Mated triploid"
"35","6/12/2023","red",34,"35",11.1,"",46.09,"Manchester","Mated triploid"
"36","6/12/2023","red",34,"36",16.1,"",51.12,"Manchester","Mated triploid"
"37","6/12/2023","red",34,"37",11.7,"",39.68,"Manchester","Mated triploid"
"38","6/12/2023","red",34,"38",6.9,"",34.33,"Manchester","Mated triploid"
"39","6/12/2023","red",34,"39",12.1,"",53.64,"Manchester","Mated triploid"
"40","6/12/2023","red",34,"40",8.9,"",43.24,"Manchester","Mated triploid"
"41","6/12/2023","red",34,"41",NA,NA,NA,"Manchester","Mated triploid"
"42","6/12/2023","red",34,"42",NA,NA,NA,"Manchester","Mated triploid"
"43","6/12/2023","red",34,"43",12.9,"",52.29,"Manchester","Mated triploid"
"44","6/12/2023","red",34,"44",20.1,"",58.7,"Manchester","Mated triploid"
"45","6/12/2023","red",34,"45",10,"",42.64,"Manchester","Mated triploid"
"46","6/12/2023","red",34,"46",12.5,"",47.61,"Manchester","Mated triploid"
"47","6/12/2023","red",34,"47",21.6,"",55.82,"Manchester","Mated triploid"
"48","6/12/2023","red",34,"48",9.7,"",40.42,"Manchester","Mated triploid"
"49","6/12/2023","red",34,"49",6.3,"",32.53,"Manchester","Mated triploid"
"50","6/12/2023","red",34,"50",15.7,"",56.51,"Manchester","Mated triploid"
"51","6/12/2023","red",34,"unknown",10.1,"",46.03,"Manchester","Mated triploid"
"52","6/12/2023","red",34,"unknown",7.5,"",40.39,"Manchester","Mated triploid"
"53","6/12/2023","red",34,"unknown",18.6,"",61.86,"Manchester","Mated triploid"
"54","6/12/2023","red",34,"unknown",7.9,"",37.66,"Manchester","Mated triploid"
"55","6/12/2023","red",34,"unknown",12.8,"",48.22,"Manchester","Mated triploid"
"56","6/12/2023","red",34,"unknown",7.7,"",40.38,"Manchester","Mated triploid"
"57","6/12/2023","red",34,"unknown",8.4,"",52.35,"Manchester","Mated triploid"
"58","6/12/2023","red",34,"unknown",9.4,"",47.9,"Manchester","Mated triploid"
"59","6/12/2023","red",34,"unknown",9.4,"",51.62,"Manchester","Mated triploid"
"60","6/12/2023","green",84,"1",9.5,"",43.42,"Manchester","Diploid"
"61","6/12/2023","green",84,"2",8.5,"",41.16,"Manchester","Diploid"
"62","6/12/2023","green",84,"3",7.6,"",38.81,"Manchester","Diploid"
"63","6/12/2023","green",84,"4",7.3,"",40.24,"Manchester","Diploid"
"64","6/12/2023","green",84,"5",6.4,"",39.34,"Manchester","Diploid"
"65","6/12/2023","green",84,"6",11.8,"",47.86,"Manchester","Diploid"
"66","6/12/2023","green",84,"7",7.5,"",38.66,"Manchester","Diploid"
"67","6/12/2023","green",84,"8",34.4,"",67.17,"Manchester","Diploid"
"68","6/12/2023","green",84,"9",NA,NA,NA,"Manchester","Diploid"
"69","6/12/2023","green",84,"10",12.6,"",52.42,"Manchester","Diploid"
"70","6/12/2023","green",84,"11",NA,NA,NA,"Manchester","Diploid"
"71","6/12/2023","green",84,"12",8.5,"",37.51,"Manchester","Diploid"
"72","6/12/2023","green",84,"13",9.8,"",41.34,"Manchester","Diploid"
"73","6/12/2023","green",84,"14",20.7,"",56.9,"Manchester","Diploid"
"74","6/12/2023","green",84,"15",6.9,"",33.2,"Manchester","Diploid"
"75","6/12/2023","green",84,"16",10.1,"",46.15,"Manchester","Diploid"
"76","6/12/2023","green",84,"17",NA,NA,NA,"Manchester","Diploid"
"77","6/12/2023","green",84,"18",9.9,"",47.79,"Manchester","Diploid"
"78","6/12/2023","green",84,"19",9.1,"",43.21,"Manchester","Diploid"
"79","6/12/2023","green",84,"20",15.2,"",48.43,"Manchester","Diploid"
"80","6/12/2023","green",84,"21",9.1,"",44.25,"Manchester","Diploid"
"81","6/12/2023","green",84,"22",NA,NA,NA,"Manchester","Diploid"
"82","6/12/2023","green",84,"23",NA,NA,NA,"Manchester","Diploid"
"83","6/12/2023","green",84,"24",NA,NA,NA,"Manchester","Diploid"
"84","6/12/2023","green",84,"25",11.8,"",46.35,"Manchester","Diploid"
"85","6/12/2023","green",84,"26",10.9,"",45.63,"Manchester","Diploid"
"86","6/12/2023","green",84,"27",10.2,"",45.38,"Manchester","Diploid"
"87","6/12/2023","green",84,"28",8,"",38.9,"Manchester","Diploid"
"88","6/12/2023","green",84,"29",12.4,"",48.88,"Manchester","Diploid"
"89","6/12/2023","green",84,"30",9.2,"",42.76,"Manchester","Diploid"
"90","6/12/2023","green",84,"31",12.5,"",54.37,"Manchester","Diploid"
"91","6/12/2023","green",84,"32",8,"",40.6,"Manchester","Diploid"
"92","6/12/2023","green",84,"33",8.1,"",39.19,"Manchester","Diploid"
"93","6/12/2023","green",84,"34",13.4,"",47.37,"Manchester","Diploid"
"94","6/12/2023","green",84,"35",NA,NA,NA,"Manchester","Diploid"
"95","6/12/2023","green",84,"36",NA,NA,NA,"Manchester","Diploid"
"96","6/12/2023","green",84,"37",NA,NA,NA,"Manchester","Diploid"
"97","6/12/2023","green",84,"38",11.7,"",46.41,"Manchester","Diploid"
"98","6/12/2023","green",84,"39",9.7,"",41.42,"Manchester","Diploid"
"99","6/12/2023","green",84,"40",9.6,"",43.09,"Manchester","Diploid"
"100","6/12/2023","green",84,"41",NA,NA,NA,"Manchester","Diploid"
"101","6/12/2023","green",84,"42",NA,NA,NA,"Manchester","Diploid"
"102","6/12/2023","green",84,"43",12.4,"",47.4,"Manchester","Diploid"
"103","6/12/2023","green",84,"44",NA,NA,NA,"Manchester","Diploid"
"104","6/12/2023","green",84,"45",9.9,"",43.42,"Manchester","Diploid"
"105","6/12/2023","green",84,"46",13.3,"",44.76,"Manchester","Diploid"
"106","6/12/2023","green",84,"47",11.1,"",47.63,"Manchester","Diploid"
"107","6/12/2023","green",84,"48",12.6,"",51.2,"Manchester","Diploid"
"108","6/12/2023","green",84,"49",8.1,"",35.78,"Manchester","Diploid"
"109","6/12/2023","green",84,"50",6.6,"",34.15,"Manchester","Diploid"
"110","6/12/2023","green",84,"unknown",26.6,"",89.79,"Manchester","Diploid"
"111","6/12/2023","green",84,"unknown",13.5,"",44.39,"Manchester","Diploid"
"112","6/12/2023","green",84,"unknown",11.2,"",43.15,"Manchester","Diploid"
"113","6/12/2023","green",84,"unknown",10.9,"",48.2,"Manchester","Diploid"
"114","6/12/2023","green",84,"unknown",21.5,"",91.74,"Manchester","Diploid"
"115","6/12/2023","green",84,"unknown",13.7,"",47.58,"Manchester","Diploid"
"116","6/12/2023","green",84,"unknown",15.7,"",86.47,"Manchester","Diploid"
"117","6/12/2023","green",84,"unknown",8.7,"",41.71,"Manchester","Diploid"
"118","6/12/2023","green",84,"unknown",9,"",46.96,"Manchester","Diploid"
"119","6/12/2023","green",84,"unknown",7.9,"",38.15,"Manchester","Diploid"
"120","6/12/2023","green",84,"unknown",6.7,"",38.55,"Manchester","Diploid"
"121","6/12/2023","green",60,"1",20.9,"",57.19,"Manchester","Diploid"
"122","6/12/2023","green",60,"2",12,"",45.59,"Manchester","Diploid"
"123","6/12/2023","green",60,"3",8.5,"",53.52,"Manchester","Diploid"
"124","6/12/2023","green",60,"4",8.1,"",42.5,"Manchester","Diploid"
"125","6/12/2023","green",60,"5",9.8,"",44.56,"Manchester","Diploid"
"126","6/12/2023","green",60,"6",7.1,"",38.15,"Manchester","Diploid"
"127","6/12/2023","green",60,"7",5.9,"",40.35,"Manchester","Diploid"
"128","6/12/2023","green",60,"8",6.6,"",34.78,"Manchester","Diploid"
"129","6/12/2023","green",60,"9",8.4,"",40.35,"Manchester","Diploid"
"130","6/12/2023","green",60,"10",6.9,"",33.51,"Manchester","Diploid"
"131","6/12/2023","green",60,"11",3.7,"",35.63,"Manchester","Diploid"
"132","6/12/2023","green",60,"12",12.6,"",44.89,"Manchester","Diploid"
"133","6/12/2023","green",60,"13",7.9,"",37.83,"Manchester","Diploid"
"134","6/12/2023","green",60,"14",12.7,"",50.65,"Manchester","Diploid"
"135","6/12/2023","green",60,"15",8.5,"",38.85,"Manchester","Diploid"
"136","6/12/2023","green",60,"16",11.5,"",39.32,"Manchester","Diploid"
"137","6/12/2023","green",60,"17",8.6,"",39.63,"Manchester","Diploid"
"138","6/12/2023","green",60,"18",15.6,"",58.85,"Manchester","Diploid"
"139","6/12/2023","green",60,"19",13.5,"",50.98,"Manchester","Diploid"
"140","6/12/2023","green",60,"20",11,"",44.8,"Manchester","Diploid"
"141","6/12/2023","green",60,"21",11.1,"",49.7,"Manchester","Diploid"
"142","6/12/2023","green",60,"22",9.1,"",39.2,"Manchester","Diploid"
"143","6/12/2023","green",60,"23",6.9,"",32.26,"Manchester","Diploid"
"144","6/12/2023","green",60,"24",7.1,"",34.27,"Manchester","Diploid"
"145","6/12/2023","green",60,"25",14.6,"",49.85,"Manchester","Diploid"
"146","6/12/2023","green",60,"26",14.6,"",51.38,"Manchester","Diploid"
"147","6/12/2023","green",60,"27",10.7,"",38.48,"Manchester","Diploid"
"148","6/12/2023","green",60,"28",23.8,"",51.71,"Manchester","Diploid"
"149","6/12/2023","green",60,"29",9.2,"",46.53,"Manchester","Diploid"
"150","6/12/2023","green",60,"30",6.9,"",39.8,"Manchester","Diploid"
"151","6/12/2023","green",60,"31",13.3,"",47.86,"Manchester","Diploid"
"152","6/12/2023","green",60,"32",6.7,"",38.45,"Manchester","Diploid"
"153","6/12/2023","green",60,"33",9.3,"",41.46,"Manchester","Diploid"
"154","6/12/2023","green",60,"34",16.9,"",52.27,"Manchester","Diploid"
"155","6/12/2023","green",60,"35",21.4,"",82.71,"Manchester","Diploid"
"156","6/12/2023","green",60,"36",12.9,"",53.01,"Manchester","Diploid"
"157","6/12/2023","green",60,"37",8.7,"",38.63,"Manchester","Diploid"
"158","6/12/2023","green",60,"38",6.5,"",37.89,"Manchester","Diploid"
"159","6/12/2023","green",60,"39",3.7,"",32.32,"Manchester","Diploid"
"160","6/12/2023","green",60,"40",19.1,"",87.46,"Manchester","Diploid"
"161","6/12/2023","green",60,"41",20.8,"",49.23,"Manchester","Diploid"
"162","6/12/2023","green",60,"42",13.4,"",46.7,"Manchester","Diploid"
"163","6/12/2023","green",60,"43",8.6,"",38.61,"Manchester","Diploid"
"164","6/12/2023","green",60,"44",10.4,"",47.84,"Manchester","Diploid"
"165","6/12/2023","green",60,"45",9.3,"",42.61,"Manchester","Diploid"
"166","6/12/2023","green",60,"46",8.9,"",45.83,"Manchester","Diploid"
"167","6/12/2023","green",60,"47",4.5,"",37.63,"Manchester","Diploid"
"168","6/12/2023","green",60,"48",10.9,"",43.71,"Manchester","Diploid"
"169","6/12/2023","green",60,"49",7.1,"",40.56,"Manchester","Diploid"
"170","6/12/2023","green",60,"50",8.6,"",44.56,"Manchester","Diploid"
"171","6/12/2023","red",29,"1",12.8,"",51.06,"Manchester","Mated triploid"
"172","6/12/2023","red",29,"2",19.4,"",55.52,"Manchester","Mated triploid"
"173","6/12/2023","red",29,"3",12.7,"",37.65,"Manchester","Mated triploid"
"174","6/12/2023","red",29,"4",16.3,"",49.35,"Manchester","Mated triploid"
"175","6/12/2023","red",29,"5",6.8,"",38.18,"Manchester","Mated triploid"
"176","6/12/2023","red",29,"6",9.6,"",47.39,"Manchester","Mated triploid"
"177","6/12/2023","red",29,"7",10.2,"",43.31,"Manchester","Mated triploid"
"178","6/12/2023","red",29,"8",17.5,"",53.23,"Manchester","Mated triploid"
"179","6/12/2023","red",29,"9",11.5,"",49.24,"Manchester","Mated triploid"
"180","6/12/2023","red",29,"10",17.6,"",82.1,"Manchester","Mated triploid"
"181","6/12/2023","red",29,"11",14.5,"",52.8,"Manchester","Mated triploid"
"182","6/12/2023","red",29,"12",9.2,"",43.04,"Manchester","Mated triploid"
"183","6/12/2023","red",29,"13",10.7,"",49.04,"Manchester","Mated triploid"
"184","6/12/2023","red",29,"14",9.1,"",41.72,"Manchester","Mated triploid"
"185","6/12/2023","red",29,"15",7.6,"",35.98,"Manchester","Mated triploid"
"186","6/12/2023","red",29,"16",28.2,"",71.7,"Manchester","Mated triploid"
"187","6/12/2023","red",29,"17",10.4,"",44.62,"Manchester","Mated triploid"
"188","6/12/2023","red",29,"18",14.8,"",56.56,"Manchester","Mated triploid"
"189","6/12/2023","red",29,"19",10.1,"",45.22,"Manchester","Mated triploid"
"190","6/12/2023","red",29,"20",18.7,"",58.01,"Manchester","Mated triploid"
"191","6/12/2023","red",29,"21",11.9,"",46.9,"Manchester","Mated triploid"
"192","6/12/2023","red",29,"22",18.8,"",82.68,"Manchester","Mated triploid"
"193","6/12/2023","red",29,"23",15.4,"",56.42,"Manchester","Mated triploid"
"194","6/12/2023","red",29,"24",14,"",60.1,"Manchester","Mated triploid"
"195","6/12/2023","red",29,"25",12.8,"",48.58,"Manchester","Mated triploid"
"196","6/12/2023","red",29,"26",9.5,"",45.94,"Manchester","Mated triploid"
"197","6/12/2023","red",29,"27",10.7,"",45.8,"Manchester","Mated triploid"
"198","6/12/2023","red",29,"28",26.1,"",66.3,"Manchester","Mated triploid"
"199","6/12/2023","red",29,"29",8.5,"",38.56,"Manchester","Mated triploid"
"200","6/12/2023","red",29,"30",9.2,"",42.96,"Manchester","Mated triploid"
"201","6/12/2023","red",29,"31",16.8,"",53.29,"Manchester","Mated triploid"
"202","6/12/2023","red",29,"32",9.3,"",45.94,"Manchester","Mated triploid"
"203","6/12/2023","red",29,"33",11.6,"",45.97,"Manchester","Mated triploid"
"204","6/12/2023","red",29,"34",12.2,"",46.19,"Manchester","Mated triploid"
"205","6/12/2023","red",29,"35",12.7,"",46.94,"Manchester","Mated triploid"
"206","6/12/2023","red",29,"36",12.2,"",47.6,"Manchester","Mated triploid"
"207","6/12/2023","red",29,"37",11.7,"",48.9,"Manchester","Mated triploid"
"208","6/12/2023","red",29,"38",8.6,"",46.55,"Manchester","Mated triploid"
"209","6/12/2023","red",29,"39",11.6,"",47.39,"Manchester","Mated triploid"
"210","6/12/2023","red",29,"40",14.9,"",53.16,"Manchester","Mated triploid"
"211","6/12/2023","red",29,"41",7.9,"",39.84,"Manchester","Mated triploid"
"212","6/12/2023","red",29,"42",12.4,"",50.37,"Manchester","Mated triploid"
"213","6/12/2023","red",29,"43",14.1,"",55.92,"Manchester","Mated triploid"
"214","6/12/2023","red",29,"44",14.7,"",52.2,"Manchester","Mated triploid"
"215","6/12/2023","red",29,"45",10.9,"",51.76,"Manchester","Mated triploid"
"216","6/12/2023","red",29,"46",12.3,"",47.45,"Manchester","Mated triploid"
"217","6/12/2023","red",29,"47",9.2,"",44.7,"Manchester","Mated triploid"
"218","6/12/2023","red",29,"48",15.9,"",53.85,"Manchester","Mated triploid"
"219","6/12/2023","red",29,"49",14.7,"",45.88,"Manchester","Mated triploid"
"220","6/12/2023","red",29,"50",12.2,"",47.87,"Manchester","Mated triploid"
"221","6/12/2023","green",79,"1",8.1,"",36.03,"Manchester","Diploid"
"222","6/12/2023","green",79,"2",8.3,"",36.73,"Manchester","Diploid"
"223","6/12/2023","green",79,"3",12.1,"",39.79,"Manchester","Diploid"
"224","6/12/2023","green",79,"4",9.5,"",37.5,"Manchester","Diploid"
"225","6/12/2023","green",79,"5",18.8,"",58.39,"Manchester","Diploid"
"226","6/12/2023","green",79,"6",9.7,"",45.84,"Manchester","Diploid"
"227","6/12/2023","green",79,"7",14,"",52.5,"Manchester","Diploid"
"228","6/12/2023","green",79,"8",17.7,"",50.1,"Manchester","Diploid"
"229","6/12/2023","green",79,"9",7.8,"",44.58,"Manchester","Diploid"
"230","6/12/2023","green",79,"10",12.1,"",37.87,"Manchester","Diploid"
"231","6/12/2023","green",79,"11",17.5,"",53.61,"Manchester","Diploid"
"232","6/12/2023","green",79,"12",6.4,"",37.76,"Manchester","Diploid"
"233","6/12/2023","green",79,"13",7.8,"",36,"Manchester","Diploid"
"234","6/12/2023","green",79,"14",6.5,"",40.77,"Manchester","Diploid"
"235","6/12/2023","green",79,"15",9.3,"",44.41,"Manchester","Diploid"
"236","6/12/2023","green",79,"16",8,"",43.2,"Manchester","Diploid"
"237","6/12/2023","green",79,"17",9.7,"",46.77,"Manchester","Diploid"
"238","6/12/2023","green",79,"18",9.3,"",45.61,"Manchester","Diploid"
"239","6/12/2023","green",79,"19",11,"",48.01,"Manchester","Diploid"
"240","6/12/2023","green",79,"20",7.1,"",39.22,"Manchester","Diploid"
"241","6/12/2023","green",79,"21",8,"",46.18,"Manchester","Diploid"
"242","6/12/2023","green",79,"22",10.7,"",47.03,"Manchester","Diploid"
"243","6/12/2023","green",79,"23",9,"",48.01,"Manchester","Diploid"
"244","6/12/2023","green",79,"24",9.5,"",42.2,"Manchester","Diploid"
"245","6/12/2023","green",79,"25",11,"",42.3,"Manchester","Diploid"
"246","6/12/2023","green",79,"26",12.1,"",44.66,"Manchester","Diploid"
"247","6/12/2023","green",79,"27",13.1,"",46.15,"Manchester","Diploid"
"248","6/12/2023","green",79,"28",18.8,"",63.4,"Manchester","Diploid"
"249","6/12/2023","green",79,"29",9.4,"",44.89,"Manchester","Diploid"
"250","6/12/2023","green",79,"30",14.7,"",52.75,"Manchester","Diploid"
"251","6/12/2023","green",79,"31",8.2,"",42.77,"Manchester","Diploid"
"252","6/12/2023","green",79,"32",21.8,"",60.01,"Manchester","Diploid"
"253","6/12/2023","green",79,"33",9.2,"",41.35,"Manchester","Diploid"
"254","6/12/2023","green",79,"34",7.8,"",43.7,"Manchester","Diploid"
"255","6/12/2023","green",79,"35",11.9,"",42.48,"Manchester","Diploid"
"256","6/12/2023","green",79,"36",7.8,"",39.55,"Manchester","Diploid"
"257","6/12/2023","green",79,"37",27.2,"",64.49,"Manchester","Diploid"
"258","6/12/2023","green",79,"38",8.3,"",41.85,"Manchester","Diploid"
"259","6/12/2023","green",79,"39",8.5,"",43.08,"Manchester","Diploid"
"260","6/12/2023","green",79,"40",7.6,"",46.59,"Manchester","Diploid"
"261","6/12/2023","green",79,"41",15,"",49.05,"Manchester","Diploid"
"262","6/12/2023","green",79,"42",7.6,"",44.31,"Manchester","Diploid"
"263","6/12/2023","green",79,"43",6.4,"",38.15,"Manchester","Diploid"
"264","6/12/2023","green",79,"44",10.4,"",48.53,"Manchester","Diploid"
"265","6/12/2023","green",79,"45",9.9,"",45.42,"Manchester","Diploid"
"266","6/12/2023","green",79,"46",5,"",31.77,"Manchester","Diploid"
"267","6/12/2023","green",79,"47",7.3,"",31.87,"Manchester","Diploid"
"268","6/12/2023","green",79,"48",27.8,"",65.14,"Manchester","Diploid"
"269","6/12/2023","green",79,"49",9,"",44.01,"Manchester","Diploid"
"270","6/12/2023","green",79,"50",12.1,"",47.38,"Manchester","Diploid"
"271","6/12/2023","red",40,"51",9.7,"",45.34,"Manchester","Mated triploid"
"272","6/12/2023","red",40,"52",23.7,"",65.91,"Manchester","Mated triploid"
"273","6/12/2023","red",40,"53",20.8,"",62.16,"Manchester","Mated triploid"
"274","6/12/2023","red",40,"54",7,"",36.15,"Manchester","Mated triploid"
"275","6/12/2023","red",40,"55",11,"",45.79,"Manchester","Mated triploid"
"276","6/12/2023","red",40,"56",10.7,"",52.03,"Manchester","Mated triploid"
"277","6/12/2023","red",40,"57",28.8,"",61.44,"Manchester","Mated triploid"
"278","6/12/2023","red",40,"58",31.7,"",70.49,"Manchester","Mated triploid"
"279","6/12/2023","red",40,"59",11.8,"",48.48,"Manchester","Mated triploid"
"280","6/12/2023","red",40,"60",NA,NA,NA,"Manchester","Mated triploid"
"281","6/12/2023","red",40,"61",6.7,"",41.51,"Manchester","Mated triploid"
"282","6/12/2023","red",40,"62",7.2,"",38.66,"Manchester","Mated triploid"
"283","6/12/2023","red",40,"63",14.6,"",55,"Manchester","Mated triploid"
"284","6/12/2023","red",40,"64",9.2,"",39.64,"Manchester","Mated triploid"
"285","6/12/2023","red",40,"65",14.4,"",48.09,"Manchester","Mated triploid"
"286","6/12/2023","red",40,"66",7.5,"",35.91,"Manchester","Mated triploid"
"287","6/12/2023","red",40,"67",8.5,"",42.69,"Manchester","Mated triploid"
"288","6/12/2023","red",40,"68",9.9,"",46.42,"Manchester","Mated triploid"
"289","6/12/2023","red",40,"69",9.8,"",43.64,"Manchester","Mated triploid"
"290","6/12/2023","red",40,"70",10.7,"",44.35,"Manchester","Mated triploid"
"291","6/12/2023","red",40,"71",13.1,"",48.53,"Manchester","Mated triploid"
"292","6/12/2023","red",40,"72",17.1,"",58.41,"Manchester","Mated triploid"
"293","6/12/2023","red",40,"73",9.5,"",45.63,"Manchester","Mated triploid"
"294","6/12/2023","red",40,"74",9.2,"",39.49,"Manchester","Mated triploid"
"295","6/12/2023","red",40,"75",11,"",51.34,"Manchester","Mated triploid"
"296","6/12/2023","red",40,"76",10.1,"",47.89,"Manchester","Mated triploid"
"297","6/12/2023","red",40,"77",NA,NA,NA,"Manchester","Mated triploid"
"298","6/12/2023","red",40,"78",15.5,"",53.32,"Manchester","Mated triploid"
"299","6/12/2023","red",40,"79",13.3,"",55.4,"Manchester","Mated triploid"
"300","6/12/2023","red",40,"80",14,"",56.47,"Manchester","Mated triploid"
"301","6/12/2023","red",40,"81",NA,NA,NA,"Manchester","Mated triploid"
"302","6/12/2023","red",40,"82",NA,NA,NA,"Manchester","Mated triploid"
"303","6/12/2023","red",40,"83",6.2,"",40.87,"Manchester","Mated triploid"
"304","6/12/2023","red",40,"84",14,"",54.74,"Manchester","Mated triploid"
"305","6/12/2023","red",40,"85",15.9,"",58.59,"Manchester","Mated triploid"
"306","6/12/2023","red",40,"86",10.7,"",48.68,"Manchester","Mated triploid"
"307","6/12/2023","red",40,"87",23,"",71.13,"Manchester","Mated triploid"
"308","6/12/2023","red",40,"88",4.6,"",34.38,"Manchester","Mated triploid"
"309","6/12/2023","red",40,"89",10.3,"",47.7,"Manchester","Mated triploid"
"310","6/12/2023","red",40,"90",13,"",49.49,"Manchester","Mated triploid"
"311","6/12/2023","red",40,"91",10.2,"",46.84,"Manchester","Mated triploid"
"312","6/12/2023","red",40,"92",19,"",37.94,"Manchester","Mated triploid"
"313","6/12/2023","red",40,"93",11.1,"",43.46,"Manchester","Mated triploid"
"314","6/12/2023","red",40,"94",NA,NA,NA,"Manchester","Mated triploid"
"315","6/12/2023","red",40,"95",12.1,"",52,"Manchester","Mated triploid"
"316","6/12/2023","red",40,"96",NA,NA,NA,"Manchester","Mated triploid"
"317","6/12/2023","red",40,"97",NA,NA,NA,"Manchester","Mated triploid"
"318","6/12/2023","red",40,"98",20.2,"",49.85,"Manchester","Mated triploid"
"319","6/12/2023","red",40,"99",NA,NA,NA,"Manchester","Mated triploid"
"320","6/12/2023","red",40,"100",9.5,"",45.25,"Manchester","Mated triploid"
"321","6/12/2023","red",40,"unknown",19.7,"",37.7,"Manchester","Mated triploid"
"322","6/12/2023","red",40,"unknown",15.2,"",58.54,"Manchester","Mated triploid"
"323","6/12/2023","red",40,"unknown",14.2,"",51.4,"Manchester","Mated triploid"
"324","6/12/2023","red",40,"unknown",10.5,"",42.97,"Manchester","Mated triploid"
"325","6/12/2023","red",40,"unknown",11.8,"",43.79,"Manchester","Mated triploid"
"326","6/12/2023","red",40,"unknown",7,"",36.34,"Manchester","Mated triploid"
"327","6/12/2023","red",40,"unknown",7.1,"",44.46,"Manchester","Mated triploid"
"328","6/12/2023","blue",54,"1",4.9,"",32.13,"Manchester","Induced triploid"
"329","6/12/2023","blue",54,"2",10.5,"",44.3,"Manchester","Induced triploid"
"330","6/12/2023","blue",54,"3",8.1,"",42.57,"Manchester","Induced triploid"
"331","6/12/2023","blue",54,"4",7.4,"",41.77,"Manchester","Induced triploid"
"332","6/12/2023","blue",54,"5",9.7,"",46.42,"Manchester","Induced triploid"
"333","6/12/2023","blue",54,"6",11.2,"",48.83,"Manchester","Induced triploid"
"334","6/12/2023","blue",54,"7",NA,NA,NA,"Manchester","Induced triploid"
"335","6/12/2023","blue",54,"8",9.3,"",45.23,"Manchester","Induced triploid"
"336","6/12/2023","blue",54,"9",15.5,"",48.87,"Manchester","Induced triploid"
"337","6/12/2023","blue",54,"10",12.6,"",49.54,"Manchester","Induced triploid"
"338","6/12/2023","blue",54,"11",12.9,"",48.35,"Manchester","Induced triploid"
"339","6/12/2023","blue",54,"12",6.8,"",39.61,"Manchester","Induced triploid"
"340","6/12/2023","blue",54,"13",2.7,"",28.74,"Manchester","Induced triploid"
"341","6/12/2023","blue",54,"14",6.8,"",36.32,"Manchester","Induced triploid"
"342","6/12/2023","blue",54,"15",5.3,"",36.46,"Manchester","Induced triploid"
"343","6/12/2023","blue",54,"16",5,"",34.91,"Manchester","Induced triploid"
"344","6/12/2023","blue",54,"17",12.6,"",47.91,"Manchester","Induced triploid"
"345","6/12/2023","blue",54,"18",6.3,"",42.73,"Manchester","Induced triploid"
"346","6/12/2023","blue",54,"19",15.1,"",53.03,"Manchester","Induced triploid"
"347","6/12/2023","blue",54,"20",29.1,"",68.49,"Manchester","Induced triploid"
"348","6/12/2023","blue",54,"21",10.7,"",47.68,"Manchester","Induced triploid"
"349","6/12/2023","blue",54,"22",11.2,"",45.26,"Manchester","Induced triploid"
"350","6/12/2023","blue",54,"23",7.3,"",41.74,"Manchester","Induced triploid"
"351","6/12/2023","blue",54,"24",13.4,"",57.41,"Manchester","Induced triploid"
"352","6/12/2023","blue",54,"25",9.8,"",41.4,"Manchester","Induced triploid"
"353","6/12/2023","blue",54,"26",8.8,"",43.97,"Manchester","Induced triploid"
"354","6/12/2023","blue",54,"27",4.3,"",35.73,"Manchester","Induced triploid"
"355","6/12/2023","blue",54,"28",5.6,"",40.9,"Manchester","Induced triploid"
"356","6/12/2023","blue",54,"29",11.4,"",48.43,"Manchester","Induced triploid"
"357","6/12/2023","blue",54,"30",7.8,"",46.31,"Manchester","Induced triploid"
"358","6/12/2023","blue",54,"31",6.4,"",36.14,"Manchester","Induced triploid"
"359","6/12/2023","blue",54,"32",15.6,"",59.12,"Manchester","Induced triploid"
"360","6/12/2023","blue",54,"33",11,"",47.81,"Manchester","Induced triploid"
"361","6/12/2023","blue",54,"34",11.9,"",49.79,"Manchester","Induced triploid"
"362","6/12/2023","blue",54,"35",10.6,"",52.17,"Manchester","Induced triploid"
"363","6/12/2023","blue",54,"36",19.4,"",46.19,"Manchester","Induced triploid"
"364","6/12/2023","blue",54,"37",11.2,"",44.62,"Manchester","Induced triploid"
"365","6/12/2023","blue",54,"38",7.8,"",43.58,"Manchester","Induced triploid"
"366","6/12/2023","blue",54,"39",NA,NA,NA,"Manchester","Induced triploid"
"367","6/12/2023","blue",54,"40",7.4,"",36.85,"Manchester","Induced triploid"
"368","6/12/2023","blue",54,"41",9.1,"",39.92,"Manchester","Induced triploid"
"369","6/12/2023","blue",54,"42",13,"",58.27,"Manchester","Induced triploid"
"370","6/12/2023","blue",54,"43",8.9,"",41.95,"Manchester","Induced triploid"
"371","6/12/2023","blue",54,"45",11.1,"",59.39,"Manchester","Induced triploid"
"372","6/12/2023","blue",54,"",11.6,"",48.43,"Manchester","Induced triploid"
"373","6/12/2023","blue",54,"46",9.8,"",47.55,"Manchester","Induced triploid"
"374","6/12/2023","blue",54,"47",13.4,"",49.51,"Manchester","Induced triploid"
"375","6/12/2023","blue",54,"48",7.5,"",39.85,"Manchester","Induced triploid"
"376","6/12/2023","blue",54,"49",18.1,"",55.1,"Manchester","Induced triploid"
"377","6/12/2023","blue",54,"50",NA,NA,NA,"Manchester","Induced triploid"
"378","6/12/2023","blue",54,"",10.1,"",55.59,"Manchester","Induced triploid"
"379","6/12/2023","blue",54,"",5.8,"",38.43,"Manchester","Induced triploid"
"380","6/12/2023","blue",54,"",6.3,"",40.13,"Manchester","Induced triploid"
"381","6/12/2023","blue",54,"",NA,NA,NA,"Manchester","Induced triploid"
"382","6/12/2023","green",58,"1",29.7,"",63.47,"Manchester","Diploid"
"383","6/12/2023","green",58,"2",21.3,"",52.37,"Manchester","Diploid"
"384","6/12/2023","green",58,"3",8.8,"",44.16,"Manchester","Diploid"
"385","6/12/2023","green",58,"4",24.7,"",57.16,"Manchester","Diploid"
"386","6/12/2023","green",58,"5",10.6,"",49.96,"Manchester","Diploid"
"387","6/12/2023","green",58,"6",11,"",43.54,"Manchester","Diploid"
"388","6/12/2023","green",58,"7",10.9,"",47.43,"Manchester","Diploid"
"389","6/12/2023","green",58,"8",5.3,"",33.02,"Manchester","Diploid"
"390","6/12/2023","green",58,"9",8.4,"",40.98,"Manchester","Diploid"
"391","6/12/2023","green",58,"10",20.2,"",63.92,"Manchester","Diploid"
"392","6/12/2023","green",58,"11",11.9,"",47.76,"Manchester","Diploid"
"393","6/12/2023","green",58,"12",7.5,"",39.61,"Manchester","Diploid"
"394","6/12/2023","green",58,"13",8.9,"",44.68,"Manchester","Diploid"
"395","6/12/2023","green",58,"14",13.4,"",55.88,"Manchester","Diploid"
"396","6/12/2023","green",58,"15",11.3,"",45.56,"Manchester","Diploid"
"397","6/12/2023","green",58,"16",9.8,"",41.18,"Manchester","Diploid"
"398","6/12/2023","green",58,"17",11.6,"",47.04,"Manchester","Diploid"
"399","6/12/2023","green",58,"18",20,"",63.86,"Manchester","Diploid"
"400","6/12/2023","green",58,"19",17.3,"",54.52,"Manchester","Diploid"
"401","6/12/2023","green",58,"20",15.8,"",57.06,"Manchester","Diploid"
"402","6/12/2023","green",58,"21",19.4,"",57.95,"Manchester","Diploid"
"403","6/12/2023","green",58,"22",23.9,"",59.55,"Manchester","Diploid"
"404","6/12/2023","green",58,"23",18.3,"",36.91,"Manchester","Diploid"
"405","6/12/2023","green",58,"24",11.2,"",37.38,"Manchester","Diploid"
"406","6/12/2023","green",58,"25",21.3,"",61.41,"Manchester","Diploid"
"407","6/12/2023","green",58,"26",16.5,"",52.01,"Manchester","Diploid"
"408","6/12/2023","green",58,"27",14.5,"",48.23,"Manchester","Diploid"
"409","6/12/2023","green",58,"28",20.8,"",54.9,"Manchester","Diploid"
"410","6/12/2023","green",58,"29",14.9,"",59,"Manchester","Diploid"
"411","6/12/2023","green",58,"30",12.4,"",49.67,"Manchester","Diploid"
"412","6/12/2023","green",58,"31",8.9,"",43.81,"Manchester","Diploid"
"413","6/12/2023","green",58,"32",15,"",51.76,"Manchester","Diploid"
"414","6/12/2023","green",58,"33",10.5,"",40.7,"Manchester","Diploid"
"415","6/12/2023","green",58,"34",9.8,"",37.92,"Manchester","Diploid"
"416","6/12/2023","green",58,"35",10.8,"",42.2,"Manchester","Diploid"
"417","6/12/2023","green",58,"36",8.5,"",39.07,"Manchester","Diploid"
"418","6/12/2023","green",58,"37",14.2,"",54.75,"Manchester","Diploid"
"419","6/12/2023","green",58,"38",11.9,"",44.24,"Manchester","Diploid"
"420","6/12/2023","green",58,"39",12.9,"",46.93,"Manchester","Diploid"
"421","6/12/2023","green",58,"40",10.7,"",45.84,"Manchester","Diploid"
"422","6/12/2023","green",58,"41",7.9,"",46.63,"Manchester","Diploid"
"423","6/12/2023","green",58,"42",6.7,"",41.15,"Manchester","Diploid"
"424","6/12/2023","green",58,"43",12.5,"",49.62,"Manchester","Diploid"
"425","6/12/2023","green",58,"44",6.2,"",38.09,"Manchester","Diploid"
"426","6/12/2023","green",58,"45",11.6,"",41.76,"Manchester","Diploid"
"427","6/12/2023","green",58,"46",7.6,"",40.43,"Manchester","Diploid"
"428","6/12/2023","green",58,"47",10.7,"",47.67,"Manchester","Diploid"
"429","6/12/2023","green",58,"48",6.5,"",34.1,"Manchester","Diploid"
"430","6/12/2023","green",58,"49",9.6,"",41.9,"Manchester","Diploid"
"431","6/12/2023","green",58,"50",8,"",40.25,"Manchester","Diploid"
"432","6/12/2023","blue",38,"51",10,"",47.76,"Manchester","Induced triploid"
"433","6/12/2023","blue",38,"52",5.5,"",31.23,"Manchester","Induced triploid"
"434","6/12/2023","blue",38,"53",6.2,"",33.55,"Manchester","Induced triploid"
"435","6/12/2023","blue",38,"54",6.6,"",38.89,"Manchester","Induced triploid"
"436","6/12/2023","blue",38,"55",8,"",37.88,"Manchester","Induced triploid"
"437","6/12/2023","blue",38,"56",8.6,"",37.55,"Manchester","Induced triploid"
"438","6/12/2023","blue",38,"57",6.8,"",35.55,"Manchester","Induced triploid"
"439","6/12/2023","blue",38,"58",7.7,"",36.31,"Manchester","Induced triploid"
"440","6/12/2023","blue",38,"59",8.7,"",45.4,"Manchester","Induced triploid"
"441","6/12/2023","blue",38,"60",13.8,"",50.06,"Manchester","Induced triploid"
"442","6/12/2023","blue",38,"61",2.2,"",30.19,"Manchester","Induced triploid"
"443","6/12/2023","blue",38,"62",18.7,"",55.83,"Manchester","Induced triploid"
"444","6/12/2023","blue",38,"63",5.5,"",39.18,"Manchester","Induced triploid"
"445","6/12/2023","blue",38,"64",5.2,"",31.02,"Manchester","Induced triploid"
"446","6/12/2023","blue",38,"65",8.6,"",45.43,"Manchester","Induced triploid"
"447","6/12/2023","blue",38,"66",12.3,"",46.15,"Manchester","Induced triploid"
"448","6/12/2023","blue",38,"67",7.2,"",38.92,"Manchester","Induced triploid"
"449","6/12/2023","blue",38,"68",6.9,"",36.48,"Manchester","Induced triploid"
"450","6/12/2023","blue",38,"69",7,"",36.68,"Manchester","Induced triploid"
"451","6/12/2023","blue",38,"70",10.1,"",46.56,"Manchester","Induced triploid"
"452","6/12/2023","blue",38,"71",7.9,"",42.5,"Manchester","Induced triploid"
"453","6/12/2023","blue",38,"72",10.8,"",43.9,"Manchester","Induced triploid"
"454","6/12/2023","blue",38,"73",9.9,"",51.65,"Manchester","Induced triploid"
"455","6/12/2023","blue",38,"74",11.4,"",45.77,"Manchester","Induced triploid"
"456","6/12/2023","blue",38,"75",10.2,"",46.45,"Manchester","Induced triploid"
"457","6/12/2023","blue",38,"76",13.8,"",44.06,"Manchester","Induced triploid"
"458","6/12/2023","blue",38,"77",14.9,"",35.43,"Manchester","Induced triploid"
"459","6/12/2023","blue",38,"78",16.7,"",49.82,"Manchester","Induced triploid"
"460","6/12/2023","blue",38,"79",14,"",53.1,"Manchester","Induced triploid"
"461","6/12/2023","blue",38,"80",10.4,"",43.14,"Manchester","Induced triploid"
"462","6/12/2023","blue",38,"81",6.3,"",35.87,"Manchester","Induced triploid"
"463","6/12/2023","blue",38,"82",19.8,"",56.47,"Manchester","Induced triploid"
"464","6/12/2023","blue",38,"83",7.2,"",40.35,"Manchester","Induced triploid"
"465","6/12/2023","blue",38,"84",14.2,"",49.61,"Manchester","Induced triploid"
"466","6/12/2023","blue",38,"85",23,"",32.15,"Manchester","Induced triploid"
"467","6/12/2023","blue",38,"86",16.4,"",52.4,"Manchester","Induced triploid"
"468","6/12/2023","blue",38,"87",16,"",51.09,"Manchester","Induced triploid"
"469","6/12/2023","blue",38,"88",10.7,"",44.93,"Manchester","Induced triploid"
"470","6/12/2023","blue",38,"89",15.3,"",47.62,"Manchester","Induced triploid"
"471","6/12/2023","blue",38,"90",16.4,"",56.07,"Manchester","Induced triploid"
"472","6/12/2023","blue",38,"91",8.4,"",43.1,"Manchester","Induced triploid"
"473","6/12/2023","blue",38,"92",15.8,"",56.47,"Manchester","Induced triploid"
"474","6/12/2023","blue",38,"93",9.4,"",39.8,"Manchester","Induced triploid"
"475","6/12/2023","blue",38,"94",10,"",42.34,"Manchester","Induced triploid"
"476","6/12/2023","blue",38,"95",7.1,"",43.19,"Manchester","Induced triploid"
"477","6/12/2023","blue",38,"96",10.8,"",48.14,"Manchester","Induced triploid"
"478","6/12/2023","blue",38,"97",3.6,"",31.02,"Manchester","Induced triploid"
"479","6/12/2023","blue",38,"98",8,"",38.59,"Manchester","Induced triploid"
"480","6/12/2023","blue",38,"99",10.8,"",45.1,"Manchester","Induced triploid"
"481","6/12/2023","blue",38,"100",12.5,"",45.28,"Manchester","Induced triploid"
"482","6/12/2023","red",3,"1",11.1,"",48.49,"Manchester","Mated triploid"
"483","6/12/2023","red",3,"2",12.3,"",51.12,"Manchester","Mated triploid"
"484","6/12/2023","red",3,"3",14,"",52.29,"Manchester","Mated triploid"
"485","6/12/2023","red",3,"4",9.3,"",43.61,"Manchester","Mated triploid"
"486","6/12/2023","red",3,"5",9.6,"",42.13,"Manchester","Mated triploid"
"487","6/12/2023","red",3,"6",12.5,"",49.07,"Manchester","Mated triploid"
"488","6/12/2023","red",3,"7",15.3,"",55.76,"Manchester","Mated triploid"
"489","6/12/2023","red",3,"8",7.1,"",48.25,"Manchester","Mated triploid"
"490","6/12/2023","red",3,"9",12.7,"",51.2,"Manchester","Mated triploid"
"491","6/12/2023","red",3,"10",11.6,"",55.45,"Manchester","Mated triploid"
"492","6/12/2023","red",3,"11",13.3,"",52.33,"Manchester","Mated triploid"
"493","6/12/2023","red",3,"12",8.3,"",40.92,"Manchester","Mated triploid"
"494","6/12/2023","red",3,"13",8.5,"",43.52,"Manchester","Mated triploid"
"495","6/12/2023","red",3,"14",NA,NA,NA,"Manchester","Mated triploid"
"496","6/12/2023","red",3,"15",10.8,"",48.38,"Manchester","Mated triploid"
"497","6/12/2023","red",3,"16",9.1,"",42.46,"Manchester","Mated triploid"
"498","6/12/2023","red",3,"17",10.5,"",51.64,"Manchester","Mated triploid"
"499","6/12/2023","red",3,"18",9.3,"",48.74,"Manchester","Mated triploid"
"500","6/12/2023","red",3,"19",7.3,"",42.04,"Manchester","Mated triploid"
"501","6/12/2023","red",3,"20",21,"",38.86,"Manchester","Mated triploid"
"502","6/12/2023","red",3,"21",8,"",43.33,"Manchester","Mated triploid"
"503","6/12/2023","red",3,"22",11.6,"",45.88,"Manchester","Mated triploid"
"504","6/12/2023","red",3,"23",23.2,"",54.92,"Manchester","Mated triploid"
"505","6/12/2023","red",3,"24",7.9,"",42.74,"Manchester","Mated triploid"
"506","6/12/2023","red",3,"25",24.3,"",48.84,"Manchester","Mated triploid"
"507","6/12/2023","red",3,"26",8,"",42.09,"Manchester","Mated triploid"
"508","6/12/2023","red",3,"27",19.2,"",69.41,"Manchester","Mated triploid"
"509","6/12/2023","red",3,"28",13.5,"",89.6,"Manchester","Mated triploid"
"510","6/12/2023","red",3,"29",NA,NA,NA,"Manchester","Mated triploid"
"511","6/12/2023","red",3,"30",11.7,"",50.93,"Manchester","Mated triploid"
"512","6/12/2023","red",3,"31",8.6,"",36.83,"Manchester","Mated triploid"
"513","6/12/2023","red",3,"32",9.7,"",46.95,"Manchester","Mated triploid"
"514","6/12/2023","red",3,"33",13.5,"",53.31,"Manchester","Mated triploid"
"515","6/12/2023","red",3,"34",11.6,"",82.56,"Manchester","Mated triploid"
"516","6/12/2023","red",3,"35",10.8,"",45.75,"Manchester","Mated triploid"
"517","6/12/2023","red",3,"36",13.6,"",48.48,"Manchester","Mated triploid"
"518","6/12/2023","red",3,"37",9.2,"",42.49,"Manchester","Mated triploid"
"519","6/12/2023","red",3,"38",13.5,"",55.44,"Manchester","Mated triploid"
"520","6/12/2023","red",3,"39",8.4,"",47.51,"Manchester","Mated triploid"
"521","6/12/2023","red",3,"40",10.3,"",46.07,"Manchester","Mated triploid"
"522","6/12/2023","red",3,"41",9,"",48.69,"Manchester","Mated triploid"
"523","6/12/2023","red",3,"42",14.9,"",45.37,"Manchester","Mated triploid"
"524","6/12/2023","red",3,"43",12.8,"",52.56,"Manchester","Mated triploid"
"525","6/12/2023","red",3,"44",14.5,"",52.03,"Manchester","Mated triploid"
"526","6/12/2023","red",3,"45",16.1,"",84.36,"Manchester","Mated triploid"
"527","6/12/2023","red",3,"46",9.5,"",42.46,"Manchester","Mated triploid"
"528","6/12/2023","red",3,"47",7.1,"",40.98,"Manchester","Mated triploid"
"529","6/12/2023","red",3,"48",13.3,"",51.3,"Manchester","Mated triploid"
"530","6/12/2023","red",3,"49",16.7,"",57.95,"Manchester","Mated triploid"
"531","6/12/2023","red",3,"50",11.1,"",46.27,"Manchester","Mated triploid"
"532","6/12/2023","red",3,"unknown",13.5,"",53.21,"Manchester","Mated triploid"
"533","6/12/2023","blue",28,"1",7.8,"",36.09,"Manchester","Induced triploid"
"534","6/12/2023","blue",28,"2",14.5,"",57.78,"Manchester","Induced triploid"
"535","6/12/2023","blue",28,"3",12.9,"",52.22,"Manchester","Induced triploid"
"536","6/12/2023","blue",28,"4",NA,NA,NA,"Manchester","Induced triploid"
"537","6/12/2023","blue",28,"5",13.9,"",122.45,"Manchester","Induced triploid"
"538","6/12/2023","blue",28,"6",14.6,"",55.13,"Manchester","Induced triploid"
"539","6/12/2023","blue",28,"7",13.6,"",50.8,"Manchester","Induced triploid"
"540","6/12/2023","blue",28,"8",10.6,"",45.39,"Manchester","Induced triploid"
"541","6/12/2023","blue",28,"9",11.6,"",52.76,"Manchester","Induced triploid"
"542","6/12/2023","blue",28,"10",10.6,"",47.99,"Manchester","Induced triploid"
"543","6/12/2023","blue",28,"11",NA,NA,NA,"Manchester","Induced triploid"
"544","6/12/2023","blue",28,"12",16.1,"",52.53,"Manchester","Induced triploid"
"545","6/12/2023","blue",28,"13",12.6,"",52.19,"Manchester","Induced triploid"
"546","6/12/2023","blue",28,"14",12.8,"",44.31,"Manchester","Induced triploid"
"547","6/12/2023","blue",28,"15",11.9,"",50.45,"Manchester","Induced triploid"
"548","6/12/2023","blue",28,"16",NA,NA,NA,"Manchester","Induced triploid"
"549","6/12/2023","blue",28,"17",10.4,"",47.4,"Manchester","Induced triploid"
"550","6/12/2023","blue",28,"18",12.1,"",47.97,"Manchester","Induced triploid"
"551","6/12/2023","blue",28,"19",12.4,"",47.86,"Manchester","Induced triploid"
"552","6/12/2023","blue",28,"20",NA,NA,NA,"Manchester","Induced triploid"
"553","6/12/2023","blue",28,"21",8.8,"",52,"Manchester","Induced triploid"
"554","6/12/2023","blue",28,"22",12.3,"",52.12,"Manchester","Induced triploid"
"555","6/12/2023","blue",28,"23",NA,NA,NA,"Manchester","Induced triploid"
"556","6/12/2023","blue",28,"24",11.1,"",48.85,"Manchester","Induced triploid"
"557","6/12/2023","blue",28,"25",14.6,"",53.52,"Manchester","Induced triploid"
"558","6/12/2023","blue",28,"26",22.4,"",57.47,"Manchester","Induced triploid"
"559","6/12/2023","blue",28,"27",8.2,"",46.17,"Manchester","Induced triploid"
"560","6/12/2023","blue",28,"28",14.8,"",52.14,"Manchester","Induced triploid"
"561","6/12/2023","blue",28,"29",10.7,"",49.37,"Manchester","Induced triploid"
"562","6/12/2023","blue",28,"30",12.6,"",51.71,"Manchester","Induced triploid"
"563","6/12/2023","blue",28,"31",12.2,"",43.69,"Manchester","Induced triploid"
"564","6/12/2023","blue",28,"32",NA,NA,NA,"Manchester","Induced triploid"
"565","6/12/2023","blue",28,"33",14.1,"",53.22,"Manchester","Induced triploid"
"566","6/12/2023","blue",28,"34",14.1,"",56.56,"Manchester","Induced triploid"
"567","6/12/2023","blue",28,"35",7.8,"",43.82,"Manchester","Induced triploid"
"568","6/12/2023","blue",28,"36",10,"",48.96,"Manchester","Induced triploid"
"569","6/12/2023","blue",28,"37",15,"",51.62,"Manchester","Induced triploid"
"570","6/12/2023","blue",28,"38",11.6,"",53.07,"Manchester","Induced triploid"
"571","6/12/2023","blue",28,"39",8.7,"",43.58,"Manchester","Induced triploid"
"572","6/12/2023","blue",28,"40",NA,NA,NA,"Manchester","Induced triploid"
"573","6/12/2023","blue",28,"41",NA,NA,NA,"Manchester","Induced triploid"
"574","6/12/2023","blue",28,"42",12.4,"",48.66,"Manchester","Induced triploid"
"575","6/12/2023","blue",28,"43",6.7,"",42.97,"Manchester","Induced triploid"
"576","6/12/2023","blue",28,"44",21.2,"",35.31,"Manchester","Induced triploid"
"577","6/12/2023","blue",28,"45",18.1,"",41.93,"Manchester","Induced triploid"
"578","6/12/2023","blue",28,"46",13.1,"",64.37,"Manchester","Induced triploid"
"579","6/12/2023","blue",28,"47",NA,NA,NA,"Manchester","Induced triploid"
"580","6/12/2023","blue",28,"48",NA,NA,NA,"Manchester","Induced triploid"
"581","6/12/2023","blue",28,"49",10.1,"",47.34,"Manchester","Induced triploid"
"582","6/12/2023","blue",28,"50",11.7,"",44.69,"Manchester","Induced triploid"
"583","6/12/2023","blue",28,"",14.8,"",36.96,"Manchester","Induced triploid"
"584","6/12/2023","blue",28,"",15.1,"",46.17,"Manchester","Induced triploid"
"585","6/12/2023","blue",28,"",14.8,"",48.62,"Manchester","Induced triploid"
"586","6/12/2023","blue",28,"",15,"",64.89,"Manchester","Induced triploid"
"587","6/12/2023","blue",28,"",11.6,"",46.93,"Manchester","Induced triploid"
"588","6/12/2023","blue",28,"",10.1,"",42.45,"Manchester","Induced triploid"
"589","6/12/2023","blue",28,"",14.3,"",40.76,"Manchester","Induced triploid"
"590","6/12/2023","blue",28,"",13.6,"",52.23,"Manchester","Induced triploid"
"591","6/12/2023","blue",28,"",10.2,"",43,"Manchester","Induced triploid"
"592","6/12/2023","blue",68,"1",9.8,"",41.1,"Manchester","Induced triploid"
"593","6/12/2023","blue",68,"2",9,"",37.08,"Manchester","Induced triploid"
"594","6/12/2023","blue",68,"3",NA,NA,NA,"Manchester","Induced triploid"
"595","6/12/2023","blue",68,"4",11.9,"",44.58,"Manchester","Induced triploid"
"596","6/12/2023","blue",68,"5",15.4,"",52.17,"Manchester","Induced triploid"
"597","6/12/2023","blue",68,"6",19.8,"",58.3,"Manchester","Induced triploid"
"598","6/12/2023","blue",68,"7",NA,NA,NA,"Manchester","Induced triploid"
"599","6/12/2023","blue",68,"8",19.6,"",61.11,"Manchester","Induced triploid"
"600","6/12/2023","blue",68,"9",11.9,"",48.74,"Manchester","Induced triploid"
"601","6/12/2023","blue",68,"10",19.8,"",57.57,"Manchester","Induced triploid"
"602","6/12/2023","blue",68,"11",8.1,"",43.37,"Manchester","Induced triploid"
"603","6/12/2023","blue",68,"12",8.5,"",41.49,"Manchester","Induced triploid"
"604","6/12/2023","blue",68,"13",7.9,"",37.68,"Manchester","Induced triploid"
"605","6/12/2023","blue",68,"14",23,"",68.43,"Manchester","Induced triploid"
"606","6/12/2023","blue",68,"15",6.8,"",40.48,"Manchester","Induced triploid"
"607","6/12/2023","blue",68,"16",5.5,"",34.55,"Manchester","Induced triploid"
"608","6/12/2023","blue",68,"17",11.7,"",47.47,"Manchester","Induced triploid"
"609","6/12/2023","blue",68,"18",10.9,"",45.12,"Manchester","Induced triploid"
"610","6/12/2023","blue",68,"19",11.8,"",38.39,"Manchester","Induced triploid"
"611","6/12/2023","blue",68,"20",NA,NA,NA,"Manchester","Induced triploid"
"612","6/12/2023","blue",68,"21",10.5,"",52.21,"Manchester","Induced triploid"
"613","6/12/2023","blue",68,"22",9.4,"",41.99,"Manchester","Induced triploid"
"614","6/12/2023","blue",68,"23",14.8,"",52.49,"Manchester","Induced triploid"
"615","6/12/2023","blue",68,"24",9.1,"",45.73,"Manchester","Induced triploid"
"616","6/12/2023","blue",68,"25",11.9,"",55.22,"Manchester","Induced triploid"
"617","6/12/2023","blue",68,"26",18.3,"",41.36,"Manchester","Induced triploid"
"618","6/12/2023","blue",68,"27",6.6,"",38.01,"Manchester","Induced triploid"
"619","6/12/2023","blue",68,"28",NA,NA,NA,"Manchester","Induced triploid"
"620","6/12/2023","blue",68,"29",10.7,"",49.03,"Manchester","Induced triploid"
"621","6/12/2023","blue",68,"30",6,"",30.87,"Manchester","Induced triploid"
"622","6/12/2023","blue",68,"31",17,"",58.1,"Manchester","Induced triploid"
"623","6/12/2023","blue",68,"32",8.1,"",40.93,"Manchester","Induced triploid"
"624","6/12/2023","blue",68,"33",NA,NA,NA,"Manchester","Induced triploid"
"625","6/12/2023","blue",68,"34",8.7,"",36.43,"Manchester","Induced triploid"
"626","6/12/2023","blue",68,"35",9,"",40.64,"Manchester","Induced triploid"
"627","6/12/2023","blue",68,"36",13.3,"",50.51,"Manchester","Induced triploid"
"628","6/12/2023","blue",68,"37",19.3,"",59.83,"Manchester","Induced triploid"
"629","6/12/2023","blue",68,"38",NA,NA,NA,"Manchester","Induced triploid"
"630","6/12/2023","blue",68,"39",9,"",47.06,"Manchester","Induced triploid"
"631","6/12/2023","blue",68,"40",10.6,"",50.26,"Manchester","Induced triploid"
"632","6/12/2023","blue",68,"41",9.9,"",45,"Manchester","Induced triploid"
"633","6/12/2023","blue",68,"42",NA,NA,NA,"Manchester","Induced triploid"
"634","6/12/2023","blue",68,"43",9.5,"",47.24,"Manchester","Induced triploid"
"635","6/12/2023","blue",68,"44",9.8,"",40.71,"Manchester","Induced triploid"
"636","6/12/2023","blue",68,"45",11.8,"",51.08,"Manchester","Induced triploid"
"637","6/12/2023","blue",68,"46",6.4,"",32.54,"Manchester","Induced triploid"
"638","6/12/2023","blue",68,"47",10.4,"",51.94,"Manchester","Induced triploid"
"639","6/12/2023","blue",68,"48",27.3,"",71.37,"Manchester","Induced triploid"
"640","6/12/2023","blue",68,"49",14.7,"",52.88,"Manchester","Induced triploid"
"641","6/12/2023","blue",68,"50",NA,NA,NA,"Manchester","Induced triploid"
"642","6/12/2023","blue",68,"",13.6,"",55.74,"Manchester","Induced triploid"
"643","6/12/2023","blue",68,"",9.5,"",47.68,"Manchester","Induced triploid"
"644","6/12/2023","blue",68,"",17,"",53.52,"Manchester","Induced triploid"
"645","6/12/2023","blue",68,"",10.9,"",47.91,"Manchester","Induced triploid"
"646","6/12/2023","blue",68,"",7.8,"",36.58,"Manchester","Induced triploid"
"647","6/12/2023","blue",68,"",14.7,"",49.05,"Manchester","Induced triploid"
"648","6/12/2023","blue",68,"",7.1,"",36.78,"Manchester","Induced triploid"
"649","6/12/2023","blue",68,"",8.5,"",42.47,"Manchester","Induced triploid"
